{
    "dist":[
        [
            -0.03624104867318094,
            0.05993277642318701,
            -0.003021170325090396,
            -0.00017000814257404779,
            0.005152746921850008
        ]
    ],
    "mtx":[
        [
            647.7324447249412,
            0.0,
            638.055189177911
        ],
        [
            0.0,
            647.9507409676297,
            358.4999167429567
        ],
        [
            0.0,
            0.0,
            1.0
        ]
    ]
}