{
    "dist":[
        [
            0.16546948968739253,
            -2.8713863706406455,
            -0.007203788638817415,
            0.01630849233004607,
            38.264938960438386
        ]
    ],
    "mtx":[
        [
            657.6464134307639,
            0.0,
            320.85541860632486
        ],
        [
            0.0,
            632.9353217277537,
            228.04984142677208
        ],
        [
            0.0,
            0.0,
            1.0
        ]
    ]
}